index,unit,ticker,shares,close_old,cap_old,close_new,cap_new,missing_old,missing_new,retried,recovered_old,recovered_new
S&P 500,USD,MMM,531846736,157.8699951171875,83962641615.41211,152.80999755859375,81271498429.70605,0,0,0,0,0
S&P 500,USD,AOS,226062644,72.56999969482422,16405366006.091156,72.44999694824219,16378237867.91156,0,0,0,0,0
S&P 500,USD,ABT,1730225115,133.72999572753906,231382997236.6308,133.5500030517578,231071569388.47803,0,0,0,0,0
S&P 500,USD,ABBV,1762954474,218.33999633789062,384923473397.0279,220.61000061035156,388925387585.162,0,0,0,0,0
S&P 500,USD,ACN,620911500,238.5399932861328,148112225041.28265,238.97000122070312,148379221912.9486,0,0,0,0,0
S&P 500,USD,ADBE,417373502,349.3599853515625,145813600544.85034,360.3699951171875,150408886877.78345,0,0,0,0,0
S&P 500,USD,AMD,1611370184,158.57000732421875,255514981878.9077,159.4600067138672,256949100359.1654,0,0,0,0,0
S&P 500,USD,AES,708040725,12.880000114440918,9119564619.028831,13.239999771118164,9374459036.942339,0,0,0,0,0
S&P 500,USD,AFL,530189153,109.12999725341797,57859540810.682,111.36000061035156,59041864401.68178,0,0,0,0,0
S&P 500,USD,A,282494000,123.23999786376953,34814559956.52771,123.38999938964844,34856934487.579346,0,0,0,0,0
S&P 500,USD,APD,221436421,292.82000732421875,64841014419.06879,266.7799987792969,59074808124.07187,0,0,0,0,0
S&P 500,USD,ABNB,412695820,122.55000305175781,50575874000.44769,123.69999694824219,51050471674.55231,0,0,0,0,0
S&P 500,USD,AKAM,140152184,76.83999633789062,10769293305.307373,76.05000305175781,10658574020.910522,0,0,0,0,0
S&P 500,USD,ALB,117110993,75.9800033569336,8898093641.273827,88.0999984741211,10317478304.602806,0,0,0,0,0
S&P 500,USD,ARE,154144474,84.91999816894531,13089948449.833038,83.8499984741211,12925013909.694199,0,0,0,0,0
S&P 500,USD,ALGN,67961769,131.55999755859375,8941050163.717712,126.19000244140625,8576095796.032288,0,0,0,0,0
S&P 500,USD,ALLE,84757986,175.02000427246094,14834343071.845184,175.00999450683594,14833494664.270477,0,0,0,0,0
S&P 500,USD,LNT,256234295,64.86000061035156,16619356530.093002,66.06999969482422,16929399792.453499,0,0,0,0,0
S&P 500,USD,ALL,261687147,200.38999938964844,52439487227.60884,212.75999450683594,55676555958.22957,0,0,0,0,0
S&P 500,USD,GOOGL,10836344940,240.8000030517578,2609391894621.9004,246.5399932861328,2671592408753.8193,0,0,0,0,0
S&P 500,USD,GOOG,10836344940,241.3800048828125,2615676994529.0405,247.17999267578125,2678527662901.4395,0,0,0,0,0
S&P 500,USD,MO,1676447177,66.6500015258789,111735206905.10538,65.70999908447266,110159342465.83676,0,0,0,0,0
S&P 500,USD,AMZN,9644813255,228.14999389648438,2200464085260.9814,219.77999877929688,2119737045410.4463,0,0,0,0,0
S&P 500,USD,AMCR,2295156481,8.279999732971191,19003895049.8071,8.050000190734863,18476010109.816357,0,0,0,0,0
S&P 500,USD,AEE,269149808,100.79000091552734,27127609394.73401,102.0999984741211,27480194986.109985,0,0,0,0,0
S&P 500,USD,AEP,533725173,109.45999908447266,58421556947.94001,109.13999938964844,58250765055.46001,0,0,0,0,0
S&P 500,USD,AXP,542697672,325.30999755859375,176544978353.3745,341.67999267578125,185428936594.12354,0,0,0,0,0
S&P 500,USD,AIG,551605013,78.93000030517578,43538183844.42649,77.9800033569336,43014160765.4414,0,0,0,0,0
S&P 500,USD,AMT,466893296,195.0800018310547,91081545038.58716,194.27000427246094,90703362608.70337,0,0,0,0,0
S&P 500,USD,AWK,194645937,139.27999877929688,27110285867.755096,136.36000061035156,26541920088.12245,0,0,0,0,0
S&P 500,USD,AMP,93907677,497.0799865722656,46679626822.19266,499.2900085449219,46887164851.76376,0,0,0,0,0
S&P 500,USD,AME,229688332,189.92999267578125,43624703214.47241,186.3800048828125,42809312439.68506,0,0,0,0,0
S&P 500,USD,AMGN,536994412,276.3900146484375,148419893398.80908,272.9800109863281,146588740487.3568,0,0,0,0,0
S&P 500,USD,APH,1213021751,118.68000030517578,143961421778.86487,122.5999984741211,148716464821.6757,0,0,0,0,0
S&P 500,USD,ADI,490026971,245.2100067138672,120159516848.886,247.55999755859375,121311075744.40509,0,0,0,0,0
S&P 500,USD,AON,208700671,371.95001220703125,77626217126.06561,356.0799865722656,74314132127.30283,0,0,0,0,0
S&P 500,USD,APA,355790012,22.84000015258789,8126243928.369247,24.690000534057617,8784455586.292366,0,0,0,0,0
S&P 500,USD,APO,448920861,138.02999877929688,61964545895.8309,137.6300048828125,61784980291.42639,0,0,0,0,0
S&P 500,USD,AAPL,14814270914,234.07000732421875,3467576501342.941,255.4600067138672,3784453747151.4873,0,0,0,0,0
S&P 500,USD,AMAT,793631119,167.8000030517578,133171304190.16997,203.9199981689453,161837256333.29803,0,0,0,0,0
S&P 500,USD,APTV,215364453,82.79000091552734,17830023261.042046,86.22000122070312,18568723400.55606,0,0,0,0,0
S&P 500,USD,ACGL,358652807,92.26000213623047,33089308739.985054,90.87999725341797,32594366115.090645,0,0,0,0,0
S&P 500,USD,ADM,474900704,61.56999969482422,29239636200.351807,60.599998474121094,28778981937.759033,0,0,0,0,0
S&P 500,USD,ANET,1038057687,139.38999938964844,144694860357.34985,142.5,147923220397.5,0,0,0,0,0
S&P 500,USD,AJG,253487296,297.2799987792969,75356703045.44727,304.1499938964844,77098159531.23633,0,0,0,0,0
S&P 500,USD,AIZ,50130217,213.00999450683594,10678237247.796494,215.6199951171875,10809077144.76355,0,0,0,0,0
S&P 500,USD,T,7136442228,29.56999969482422,211024594504.09067,28.309999465942383,202032675663.40866,0,0,0,0,0
S&P 500,USD,ATO,159781952,166.5399932861328,26610085213.325195,168.4499969482422,26915269326.78418,0,0,0,0,0
S&P 500,USD,ADSK,212399340,319.04998779296875,67766006834.23462,322.8800048828125,68579499936.30615,0,0,0,0,0
S&P 500,USD,ADP,404232625,293.5,118642275437.5,291.5400085449219,117849982946.6362,0,0,0,0,0
S&P 500,USD,AZO,16617005,4322.14990234375,71821186537.9956,4198.02978515625,69758681930.09033,0,0,0,0,0
S&P 500,USD,AVB,141412587,195.14999389648438,27596665489.936066,194.86000061035156,27555656789.131393,0,0,0,0,0
S&P 500,USD,AVY,77262604,165.64999389648438,12798549881.02649,160.75,12419963593.0,0,0,0,0,0
S&P 500,USD,AXON,74817871,756.1300048828125,56572037164.551636,708.8400268554688,53033901688.909,0,0,0,0,0
S&P 500,USD,BKR,983601743,46.4900016784668,45727646683.01286,50.52000045776367,49691560506.61714,0,0,0,0,0
S&P 500,USD,BALL,270325497,51.189998626708984,13837961820.194424,49.47999954223633,13375705467.814808,0,0,0,0,0
S&P 500,USD,BAC,7378874982,50.58000183105469,373223510100.6836,52.209999084472656,385251056054.6582,0,0,0,0,0
S&P 500,USD,BAX,511463853,23.989999771118164,12270017716.405214,21.979999542236328,11241975254.810429,0,0,0,0,0
S&P 500,USD,BDX,285996889,186.83999633789062,53435657693.40811,184.60000610351562,52795027454.98648,0,0,0,0,0
S&P 500,USD,BRK-B,1233496,493.739990234375,609026302.9941406,500.0299987792969,616785003.3742676,0,0,0,0,0
S&P 500,USD,BBY,193429730,75.87000274658203,14675514146.37062,76.1500015258789,14729674234.650345,0,0,0,0,0
S&P 500,USD,TECH,153709435,51.2599983215332,7879145380.103817,51.849998474121094,7969833970.208015,0,0,0,0,0
S&P 500,USD,BIIB,146226069,144.86000061035156,21182308444.58931,137.3699951171875,20087074384.535522,0,0,0,0,0
S&P 500,USD,BLK,143697703,1123.4100341796875,161431441438.77258,1156.449951171875,166179201617.8606,0,0,0,0,0
S&P 500,USD,BX,734721220,181.35000610351562,133241697731.38245,175.32000732421875,128811329671.65894,0,0,0,0,0
S&P 500,USD,XYZ,543950091,72.87000274658203,39637644625.173546,73.66999816894531,40072802207.967636,0,0,0,0,0
S&P 500,USD,BK,703512976,106.4800033569336,74910064046.12634,109.52999877929688,77055775402.49951,0,0,0,0,0
S&P 500,USD,BA,724308333,215.94000244140625,156407143196.3509,221.25999450683594,160260457780.8355,0,0,0,0,0
S&P 500,USD,BKNG,32310063,5458.31982421875,176358657394.65674,5548.0,179256229524.0,0,0,0,0,0
S&P 500,USD,BSX,1477469372,102.70999908447266,151750877845.4564,98.18000030517578,145057943393.84787,0,0,0,0,0
S&P 500,USD,BMY,2031833117,46.20000076293945,93870691555.56564,44.119998931884766,89644474951.80809,0,0,0,0,0
S&P 500,USD,AVGO,405796740,359.8699951171875,146034070842.3706,334.5299987792969,135751182936.84265,0,0,0,0,0
S&P 500,USD,BR,116512048,252.02999877929688,29364531315.21338,236.0,27496843328.0,0,0,0,0,0
S&P 500,USD,BRO,282483981,93.54000091552734,26423551841.36181,93.77999877929688,26491347393.35092,0,0,0,0,0
S&P 500,USD,BF-B,335134377,27.510000228881836,9219546787.976171,27.100000381469727,9082141744.54362,0,0,0,0,0
S&P 500,USD,BLDR,107499152,142.72999572753906,15343353505.674072,118.19999694824219,12706399438.338623,0,0,0,0,0
S&P 500,USD,BG,165841410,81.62000274658203,13535976339.697037,81.97000122070312,13594020580.143127,0,0,0,0,0
S&P 500,USD,BXP,147021574,77.18000030517578,11347125126.187424,74.81999969482422,11000154121.812576,0,0,0,0,0
S&P 500,USD,CHRW,117642416,132.41000366210938,15577032733.379395,131.80999755859375,15506446565.74707,0,0,0,0,0
S&P 500,USD,CDNS,271383691,343.4800109863281,93214873166.19028,350.1099853515625,95014140080.66296,0,0,0,0,0
S&P 500,USD,CZR,197302854,25.09000015258789,4950328636.966026,27.040000915527344,5335069352.796158,0,0,0,0,0
S&P 500,USD,CPT,105022340,109.51000213623047,11500996677.751923,107.0,11237390380.0,0,0,0,0,0
S&P 500,USD,CPB,190911891,33.22999954223633,6344002050.537472,32.08000183105469,6124453812.850113,0,0,0,0,0
S&P 500,USD,COF,626515919,223.75999450683594,140189198593.88525,224.0500030517578,140370893563.92487,0,0,0,0,0
S&P 500,USD,CAH,238378146,152.24000549316406,36290690256.490265,153.7100067138672,36641106422.09921,0,0,0,0,0
S&P 500,USD,KMX,145988936,59.77000045776367,8725758771.548431,44.86000061035156,6549063758.064575,0,0,0,0,0
S&P 500,USD,CCL,1223854533,31.510000228881836,38563656614.948074,30.6200008392334,37474426827.5596,0,0,0,0,0
S&P 500,USD,CARR,798727484,61.66999816894531,49257522475.7663,58.84000015258789,46997125280.43614,0,0,0,0,0
S&P 500,USD,CAT,467059432,431.5199890136719,201545480965.37183,465.760009765625,217537605609.44727,0,0,0,0,0
S&P 500,USD,CBOE,104005471,234.2100067138672,24359122061.18892,243.52000427246094,25327412742.279312,0,0,0,0,0
S&P 500,USD,CBRE,290787399,164.02000427246094,47694950426.3578,158.0,45944409042.0,0,0,0,0,0
S&P 500,USD,CDW,130574510,164.2899932861328,21452085371.24008,164.3699951171875,21462531571.12915,0,0,0,0,0
S&P 500,USD,COR,185616744,302.5199890136719,56152775355.633545,307.0,56984340408.0,0,0,0,0,0
S&P 500,USD,CNC,462372252,33.2599983215332,15378500325.443527,34.86000061035156,16118296986.929626,0,0,0,0,0
S&P 500,USD,CNP,649404694,38.2400016784668,24833236588.564217,38.810001373291016,25203397065.96163,0,0,0,0,0
S&P 500,USD,CF,160432592,85.62999725341797,13737842412.318726,92.12999725341797,14780654260.318726,0,0,0,0,0
S&P 500,USD,CRL,48623116,152.88999938964844,7433988175.562805,148.55999755859375,7223449994.251221,0,0,0,0,0
S&P 500,USD,SCHW,1710317777,93.54000091552734,159983126426.4227,95.45999908447266,163266933426.5773,0,0,0,0,0
S&P 500,USD,CHTR,89908284,263.3999938964844,23681841456.843384,273.3999938964844,24580924296.843384,0,0,0,0,0
S&P 500,USD,CVX,1613476454,157.11000061035156,253493286672.72787,160.16000366210938,258414394781.36725,0,0,0,0,0
S&P 500,USD,CMG,1331498805,38.630001068115234,51435800259.34416,40.08000183105469,53366474542.44713,0,0,0,0,0
S&P 500,USD,CB,369514137,278.1099853515625,102765571228.26526,280.69000244140625,103718924016.66412,0,0,0,0,0
S&P 500,USD,CHD,242955824,92.94000244140625,22580314875.713867,86.69999694824219,21064269199.357666,0,0,0,0,0
S&P 500,USD,CI,265633474,302.760009765625,80423193182.3169,286.1700134277344,76016334821.43573,0,0,0,0,0
S&P 500,USD,CINF,153380250,156.86000061035156,24059226108.615875,156.89999389648438,24065360288.841248,0,0,0,0,0
S&P 500,USD,CTAS,342028730,202.3699951171875,69216352420.03784,204.24000549316406,69855949694.01993,0,0,0,0,0
S&P 500,USD,CSCO,3946120730,66.52999877929688,262535407349.8581,67.22000122070312,265258240287.6419,0,0,0,0,0
S&P 500,USD,C,1835430431,99.44000244140625,182515206539.67133,103.41999816894531,189820211813.24652,0,0,0,0,0
S&P 500,USD,CFG,427082947,51.81999969482422,22131438183.204628,53.380001068115234,22797688167.033802,0,0,0,0,0
S&P 500,USD,CLX,121960832,123.51000213623047,15063382620.856445,124.38999938964844,15170707818.041016,0,0,0,0,0
S&P 500,USD,CME,358798111,262.29998779296875,94112740135.44025,270.2799987792969,96975953003.09402,0,0,0,0,0
S&P 500,USD,CMS,297228139,71.68000030517578,21305313094.22683,71.83999633789062,21352868417.278046,0,0,0,0,0
S&P 500,USD,KO,3870761363,67.01000213623047,259379727203.46835,65.66999816894531,254192891620.63428,0,0,0,0,0
S&P 500,USD,CTSH,486945401,69.16999816894531,33682012495.54634,66.9800033569336,32615604593.623375,0,0,0,0,0
S&P 500,USD,COIN,212695976,323.0400085449219,68709309904.5105,312.5899963378906,66486634358.92407,0,0,0,0,0
S&P 500,USD,CL,757690850,83.27999877929688,63100493063.08441,79.58999633789062,60304611976.753235,0,0,0,0,0
S&P 500,USD,CMCSA,3653106035,33.060001373291016,120771690533.8777,31.719999313354492,115876520921.81116,0,0,0,0,0
S&P 500,USD,CAG,474955344,19.170000076293945,9104893980.716217,18.18000030517578,8634688298.864868,0,0,0,0,0
S&P 500,USD,COP,1246631768,92.43000030517578,115226174696.68182,98.4800033569336,122768300697.50006,0,0,0,0,0
S&P 500,USD,ED,360215276,97.55000305175781,35139001273.08978,99.62000274658203,35884646784.480804,0,0,0,0,0
S&P 500,USD,STZ,145444833,139.49000549316406,20288100554.12233,132.49000549316406,19269986723.12233,0,0,0,0,0
S&P 500,USD,CEG,311618317,323.4800109863281,100802296606.70108,331.260009765625,103226686732.56763,0,0,0,0,0
S&P 500,USD,COO,197504734,66.68000030517578,13169615723.393661,67.55000305175781,13341445384.436615,0,0,0,0,0
S&P 500,USD,CPRT,1775380907,48.400001525878906,85928438607.81628,44.869998931884766,79661339400.77861,0,0,0,0,0
S&P 500,USD,GLW,785348034,77.04000091552734,60503213258.3676,79.3499984741211,62317365299.554,0,0,0,0,0
S&P 500,USD,CPAY,68047550,307.3599853515625,20915093971.209717,296.70001220703125,20189708915.65857,0,0,0,0,0
S&P 500,USD,CTVA,677334340,74.29000091552734,50319168738.71811,68.08999633789062,46119692730.12756,0,0,0,0,0
S&P 500,USD,CSGP,417990393,86.80000305175781,36281567388.00545,83.98999786376953,35107012215.14619,0,0,0,0,0
S&P 500,USD,COST,441947138,967.9000244140625,427760645659.92505,915.9500122070312,404801486445.9625,0,0,0,0,0
S&P 500,USD,CTRA,751120517,24.360000610351562,18297296252.56758,23.829999923706055,17899201862.804054,0,0,0,0,0
S&P 500,USD,CRWD,246380228,436.1000061035156,107446418934.58557,481.4200134277344,118612372672.08826,0,0,0,0,0
S&P 500,USD,CCI,434381386,95.38999938964844,41435640145.41464,95.30999755859375,41400888839.15857,0,0,0,0,0
S&P 500,USD,CSX,1860119676,32.470001220703125,60398088150.3739,34.0099983215332,63262667058.610886,0,0,0,0,0
S&P 500,USD,CMI,137007547,410.2699890136719,56210084802.48013,418.0400085449219,57274636118.598785,0,0,0,0,0
S&P 500,USD,CVS,1265675573,74.9800033569336,94900358712.32886,75.7699966430664,95900233917.42114,0,0,0,0,0
S&P 500,USD,DHR,637128384,190.0500030517578,121086251323.56152,184.83999633789062,117766808165.32617,0,0,0,0,0
S&P 500,USD,DRI,115760108,212.61000061035156,24611756632.534363,188.1199951171875,21776790951.725098,0,0,0,0,0
S&P 500,USD,DDOG,321211698,136.5,43845396777.0,139.07000732421875,44670913193.48474,0,0,0,0,0
S&P 500,USD,DVA,35689940,133.1699981689453,4752829244.449768,130.8000030517578,4668244260.917053,0,0,0,0,0
S&P 500,USD,DAY,140088675,68.98999786376953,9664717388.988304,68.86000061035156,9646506246.003342,0,0,0,0,0
S&P 500,USD,DECK,147049808,118.5,17425402248.0,105.7699966430664,15553457698.52356,0,0,0,0,0
S&P 500,USD,DE,269815766,470.510009765625,126951018695.57959,463.989990234375,125191814631.42041,0,0,0,0,0
S&P 500,USD,DELL,310327103,125.04000091552734,38803301243.23295,130.75999450683594,40578370283.60231,0,0,0,0,0
S&P 500,USD,DAL,645664140,59.869998931884766,38655911372.156296,57.20000076293945,36931989300.602646,0,0,0,0,0
S&P 500,USD,DVN,629340720,34.77000045776367,21882177122.48932,36.9900016784668,23279314289.127502,0,0,0,0,0
S&P 500,USD,DXCM,389523903,76.22000122070312,29689512362.153046,67.0999984741211,26137053296.933693,0,0,0,0,0
S&P 500,USD,FANG,185583762,136.8800048828125,25402706248.730713,148.25,27512792716.5,0,0,0,0,0
S&P 500,USD,DLR,318820768,173.5,55315403248.0,171.4600067138672,54665011021.80029,0,0,0,0,0
S&P 500,USD,DG,218439825,104.4000015258789,22805118063.31272,102.12000274658203,22307075528.9629,0,0,0,0,0
S&P 500,USD,DLTR,179022575,97.44999694824219,17445749387.41646,95.05999755859375,17017885542.433167,0,0,0,0,0
S&P 500,USD,D,851504865,60.04999923706055,51132866493.60335,60.33000183105469,51371290064.601974,0,0,0,0,0
S&P 500,USD,DPZ,33215306,452.04998779296875,15014978671.839722,435.75,14473569589.5,0,0,0,0,0
S&P 500,USD,DASH,367468723,257.9800109863281,94799585196.67197,262.4700012207031,96449516174.38022,0,0,0,0,0
S&P 500,USD,DOV,136418611,172.97999572753906,23597690747.936813,167.99000549316406,22916963211.25981,0,0,0,0,0
S&P 500,USD,DOW,707128748,25.040000915527344,17706504497.315704,22.959999084472656,16235675406.684296,0,0,0,0,0
S&P 500,USD,DHI,264149372,177.8699951171875,46984247507.848145,167.1999969482422,44165774192.28009,0,0,0,0,0
S&P 500,USD,DTE,206551940,136.83999633789062,28264566713.184204,139.30999755859375,28774750257.122803,0,0,0,0,0
S&P 500,USD,DUK,775532657,121.94999694824219,94576205154.41216,123.0199966430664,95406024860.72836,0,0,0,0,0
S&P 500,USD,DD,417372604,77.29000091552734,32258728945.27603,76.18000030517578,31795445100.09201,0,0,0,0,0
S&P 500,USD,EMN,113722180,67.16000366210938,7637582025.263062,62.709999084472656,7131517803.684235,0,0,0,0,0
S&P 500,USD,ETN,388116528,365.8999938964844,142011835226.3247,365.5799865722656,141887635094.71436,0,0,0,0,0
S&P 500,USD,EBAY,455172000,90.80000305175781,41329618989.07471,91.13999938964844,41484375802.18506,0,0,0,0,0
S&P 500,USD,ECL,285419420,272.6199951171875,77811040886.75049,271.0,77348662820.0,0,0,0,0,0
S&P 500,USD,EIX,383968130,56.20000076293945,21579009198.944435,55.0099983215332,21122086186.822243,0,0,0,0,0
S&P 500,USD,EW,581105709,77.56999969482422,45076369669.79061,76.25,44309310311.25,0,0,0,0,0
S&P 500,USD,EA,224566059,172.3800048828125,38710698346.93396,193.35000610351562,43419848878.29245,0,0,0,0,0
S&P 500,USD,ELV,224658142,311.760009765625,70039424543.84717,318.6099853515625,71578327331.72925,0,0,0,0,0
S&P 500,USD,EMR,560892108,135.10000610351562,75776527214.21375,128.60000610351562,72130728512.21375,0,0,0,0,0
S&P 500,USD,ENPH,126429458,37.630001068115234,4757540639.58123,36.5,4614675217.0,0,0,0,0,0
S&P 500,USD,ETR,444668074,90.29000091552734,40149080808.56578,92.25,41020629826.5,0,0,0,0,0
S&P 500,USD,EOG,544197098,118.16000366210938,64302331092.589294,117.30999755859375,63839760237.7738,0,0,0,0,0
S&P 500,USD,EPAM,53789290,156.08999633789062,8395970079.117737,151.83999633789062,8167365596.617737,0,0,0,0,0
S&P 500,USD,EQT,618821162,50.939998626708984,31522749142.458458,54.060001373291016,33453472867.541542,0,0,0,0,0
S&P 500,USD,EFX,123192011,256.25,31567952818.75,254.27000427246094,31324033163.303055,0,0,0,0,0
S&P 500,USD,EQIX,97494060,788.6099853515625,76884789228.46436,790.3400268554688,77053457998.64868,0,0,0,0,0
S&P 500,USD,EQR,343994675,66.44000244140625,22855007046.83075,64.52999877929688,22197975957.834625,0,0,0,0,0
S&P 500,USD,ERIE,19539678,338.6600036621094,6617307423.036438,315.989990234375,6174342660.402832,0,0,0,0,0
S&P 500,USD,ESS,63797336,267.0899963378906,17039630238.607178,267.79998779296875,17084925802.023926,0,0,0,0,0
S&P 500,USD,EL,233352315,83.6500015258789,19519921505.817375,86.66000366210938,20222312472.4617,0,0,0,0,0
S&P 500,USD,EG,31558552,349.3699951171875,11025611158.145508,349.1099853515625,11017405626.436523,0,0,0,0,0
S&P 500,USD,EVRG,228958506,72.5199966430664,16604070086.5215,74.06999969482422,16958956469.54741,0,0,0,0,0
S&P 500,USD,ES,370302439,65.69999694824219,24328869112.22664,69.7699966430664,25835999925.949303,0,0,0,0,0
S&P 500,USD,EXC,1008351115,43.380001068115234,43742272445.73518,44.09000015258789,44458200814.21217,0,0,0,0,0
S&P 500,USD,EXE,237228814,96.22000122070312,22826156772.665955,105.7699966430664,25091690860.418625,0,0,0,0,0
S&P 500,USD,EXPE,116626680,222.19000244140625,25913282313.933105,222.8699951171875,25992587602.13379,0,0,0,0,0
S&P 500,USD,EXPD,134555412,123.51000213623047,16618939223.56137,121.83999633789062,16394230905.323364,0,0,0,0,0
S&P 500,USD,EXR,209668362,147.14999389648438,30852698188.585876,139.8300018310547,29317927442.374237,0,0,0,0,0
S&P 500,USD,XOM,4254208937,112.16000366210938,477152089953.29846,117.22000122070312,498678376788.2661,0,0,0,0,0
S&P 500,USD,FFIV,56874422,321.6700134277344,18294796088.43463,324.8699951171875,18476793197.43286,0,0,0,0,0
S&P 500,USD,FDS,37630136,361.8399963378906,13616088272.434326,289.69000244140625,10901074189.71045,0,0,0,0,0
S&P 500,USD,FICO,23315231,1544.050048828125,35999883563.98901,1518.780029296875,35410707221.24341,0,0,0,0,0
S&P 500,USD,FAST,1144067467,47.45000076293945,54286002182.00421,48.70000076293945,55716086515.75421,0,0,0,0,0
S&P 500,USD,FRT,77955246,101.6500015258789,7924150874.8502655,99.5199966430664,7758105820.229416,0,0,0,0,0
S&P 500,USD,FDX,217940262,229.5500030517578,50028187807.2009,237.82000732421875,51830554705.08215,0,0,0,0,0
S&P 500,USD,FIS,520999498,66.83999633789062,34823604538.362854,64.23999786376953,33469006638.545,0,0,0,0,0
S&P 500,USD,FITB,657717349,45.560001373291016,29965603323.677326,45.43000030517578,29880099365.789406,0,0,0,0,0
S&P 500,USD,FSLR,101325436,201.6999969482422,20437340131.97931,220.02000427246094,22293622861.628967,0,0,0,0,0
S&P 500,USD,FE,546824619,43.79999923706055,23950917895.005924,45.43000030517578,24842242608.04763,0,0,0,0,0
S&P 500,USD,FI,539309666,134.32000732421875,72440078287.14197,129.55999755859375,69872959010.28601,0,0,0,0,0
S&P 500,USD,F,3872563263,11.680000305175781,45231540093.65252,12.010000228881836,46509485674.98939,0,0,0,0,0
S&P 500,USD,FTNT,649096294,79.68000030517578,51719992904.00847,84.31999969482422,54731799311.99153,0,0,0,0,0
S&P 500,USD,FTV,319599278,48.83000183105469,15606033329.943756,48.529998779296875,15510152571.204163,0,0,0,0,0
S&P 500,USD,FOXA,304323337,58.25,17726834380.25,61.150001525878906,18609372521.91056,0,0,0,0,0
S&P 500,USD,FOX,304323337,52.790000915527344,16065229238.846336,55.290000915527344,16826037581.346336,0,0,0,0,0
S&P 500,USD,BEN,302161383,24.639999389648438,7445256292.695328,23.270000457763672,7031295520.728504,0,0,0,0,0
S&P 500,USD,FCX,1427590221,44.720001220703125,63841836425.783844,35.75,51036350400.75,0,0,0,0,0
S&P 500,USD,GRMN,163494732,238.0800018310547,38924826093.927795,240.47999572753906,39317212452.835144,0,0,0,0,0
S&P 500,USD,IT,73288014,247.3300018310547,18126324636.81436,264.0899963378906,19354631348.871277,0,0,0,0,0
S&P 500,USD,GE,1056621805,281.69000244140625,297639798830.0931,294.9800109863281,311682311647.2938,0,0,0,0,0
S&P 500,USD,GEHC,455233441,76.44000244140625,34798045341.44977,72.45999908447266,32986214718.081337,0,0,0,0,0
S&P 500,USD,GEV,271793826,625.5499877929688,170020624536.50427,605.1699829101562,164481465035.50598,0,0,0,0,0
S&P 500,USD,GEN,471392378,29.139999389648438,13736373607.204926,28.799999237060547,13576100126.756157,0,0,0,0,0
S&P 500,USD,GNRC,57471447,184.38999938964844,10597160077.252213,168.27000427246094,9670720632.234512,0,0,0,0,0
S&P 500,USD,GD,251748411,326.1499938964844,82107742711.09964,330.3399963378906,83162569167.80978,0,0,0,0,0
S&P 500,USD,GIS,531538796,49.91999816894531,26534415723.043396,50.09000015258789,26624778372.746384,0,0,0,0,0
S&P 500,USD,GM,949040673,58.5,55518879370.5,61.2400016784668,58119252407.45326,0,0,0,0,0
S&P 500,USD,GPC,138492806,141.27999877929688,19566263462.6214,137.69000244140625,19069074796.257202,0,0,0,0,0
S&P 500,USD,GILD,1238176405,114.55000305175781,141833110971.3645,112.0999984741211,138799573111.19275,0,0,0,0,0
S&P 500,USD,GPN,240510981,85.3499984741211,20527611861.359367,84.31999969482422,20279885844.521873,0,0,0,0,0
S&P 500,USD,GL,80293135,142.27000427246094,11423304659.499283,144.55999755859375,11607175399.571838,0,0,0,0,0
S&P 500,USD,GDDY,137532485,145.08999633789062,19954587744.990997,141.39999389648438,19447092539.56833,0,0,0,0,0
S&P 500,USD,GS,314673717,780.0599975585938,245464378914.77362,802.510009765625,252528807702.65552,0,0,0,0,0
S&P 500,USD,HAL,847367125,22.229999542236328,18836970800.856113,25.110000610351562,21277389025.94185,0,0,0,0,0
S&P 500,USD,HIG,279757363,132.52000427246094,37073446940.012405,133.11000061035156,37238502759.68034,0,0,0,0,0
S&P 500,USD,HAS,132149536,78.37999725341797,10357880268.720459,75.58999633789062,9989182942.293945,0,0,0,0,0
S&P 500,USD,HCA,162190255,405.1300048828125,65708138800.094604,419.0799865722656,67970689887.55234,0,0,0,0,0
S&P 500,USD,DOC,692046470,18.079999923706055,12512200124.801044,18.940000534057617,13107360511.392689,0,0,0,0,0
S&P 500,USD,HSIC,101946704,69.01000213623047,7035342260.821655,66.05999755859375,6734599017.34668,0,0,0,0,0
S&P 500,USD,HSY,90577186,185.00999450683594,16757684684.304657,188.11000061035156,17038474513.743927,0,0,0,0,0
S&P 500,USD,HPE,1313459759,24.729999542236328,32481859238.815838,24.0,31523034216.0,0,0,0,0,0
S&P 500,USD,HLT,230701552,274.7300109863281,63380639915.52295,261.75,60386131236.0,0,0,0,0,0
S&P 500,USD,HOLX,220319644,64.44999694824219,14199600383.437805,67.20999908447266,14807683071.531342,0,0,0,0,0
S&P 500,USD,HD,1987508426,422.69000244140625,840099941438.2555,410.0899963378906,815057323139.8667,0,0,0,0,0
S&P 500,USD,HON,602764447,211.4600067138672,127460574009.50044,208.19000244140625,125489531692.52289,0,0,0,0,0
S&P 500,USD,HRL,290289173,25.079999923706055,7280452436.692694,24.719999313354492,7175948157.234243,0,0,0,0,0
S&P 500,USD,HST,641243741,17.600000381469727,11285890086.215075,17.549999237060547,11253827165.31985,0,0,0,0,0
S&P 500,USD,HWM,399014434,185.77000427246094,74124913108.95358,193.14999389648438,77069635491.70917,0,0,0,0,0
S&P 500,USD,HPQ,931477130,27.969999313354492,26053414686.505413,26.709999084472656,24879753289.507217,0,0,0,0,0
S&P 500,USD,HUBB,52866338,437.42999267578125,23125321844.135376,425.2200012207031,22479824308.894104,0,0,0,0,0
S&P 500,USD,HUM,120045708,276.44000244140625,33185435812.60034,254.9499969482422,30605652888.249573,0,0,0,0,0
S&P 500,USD,HBAN,1447523518,17.770000457763672,25722493577.48368,17.420000076293945,25215859793.99728,0,0,0,0,0
S&P 500,USD,HII,38967909,274.7099914550781,10704873948.412262,278.7699890136719,10863083563.815765,0,0,0,0,0
S&P 500,USD,IBM,929395378,253.44000244140625,235545966869.35168,284.30999755859375,264236397650.14832,0,0,0,0,0
S&P 500,USD,IEX,75080244,160.5500030517578,12054133403.326721,161.35000610351562,12114197827.653442,0,0,0,0,0
S&P 500,USD,IDXX,79118242,641.1400146484375,50725870834.83862,632.219970703125,50020132639.322754,0,0,0,0,0
S&P 500,USD,ITW,264416735,263.3599853515625,69636787456.30798,261.0400085449219,69023346763.82034,0,0,0,0,0
S&P 500,USD,INCY,162772431,83.0999984741211,13526388767.728981,82.69999694824219,13461279546.957962,0,0,0,0,0
S&P 500,USD,IR,396117075,78.79000091552734,31210064701.906013,82.30000305175781,32600436481.35338,0,0,0,0,0
S&P 500,USD,PODD,70083512,341.7799987792969,23953142645.808838,318.0,22286556816.0,0,0,0,0,0
S&P 500,USD,INTC,4369427790,24.079999923706055,105215820849.83911,35.5,155114686545.0,0,0,0,0,0
S&P 500,USD,ICE,568107018,173.97000122070312,98833578614.95001,167.72999572753906,95288587701.92496,0,0,0,0,0
S&P 500,USD,IFF,255677118,65.62000274658203,16777533185.398178,60.720001220703125,15524714917.065857,0,0,0,0,0
S&P 500,USD,IP,525632575,45.9900016784668,24173843006.506824,45.31999969482422,23821668138.58967,0,0,0,0,0
S&P 500,USD,IPG,364215298,26.389999389648438,9611641491.920624,26.350000381469727,9597073241.23711,0,0,0,0,0
S&P 500,USD,INTU,272027250,646.030029296875,175737772287.04834,698.260009765625,189945750241.5161,0,0,0,0,0
S&P 500,USD,ISRG,356304138,449.67999267578125,160222842166.19055,441.1199951171875,157172879614.7937,0,0,0,0,0
S&P 500,USD,IVZ,356552496,22.43000030517578,7997472594.091187,22.719999313354492,8100872464.29483,0,0,0,0,0
S&P 500,USD,INVH,559081887,30.209999084472656,16889863294.415245,29.18000030517578,16314009633.278252,0,0,0,0,0
S&P 500,USD,IQV,161462600,187.22000122070312,30229028169.0979,179.55999755859375,28992224061.8042,0,0,0,0,0
S&P 500,USD,IRM,292698951,96.69000244140625,28301062286.78705,100.93000030517578,29542105213.75463,0,0,0,0,0
S&P 500,USD,JBHT,76005827,137.92999267578125,10483483161.426697,134.4600067138672,10219744008.713028,0,0,0,0,0
S&P 500,USD,JBL,105117800,214.05999755859375,22501516011.364746,215.83999633789062,22688625567.04712,0,0,0,0,0
S&P 500,USD,JKHY,72357642,160.1199951171875,11585905283.731201,149.3800048828125,10808784915.268799,0,0,0,0,0
S&P 500,USD,J,118092468,146.6999969482422,17324164695.21039,147.86000061035156,17461152390.557922,0,0,0,0,0
S&P 500,USD,JNJ,2404557780,178.05999755859375,428155552436.2976,179.7100067138672,432123094787.6816,0,0,0,0,0
S&P 500,USD,JCI,651833337,107.52999877929688,70091637931.91501,107.01000213623047,69752686784.83624,0,0,0,0,0
S&P 500,USD,JPM,2735235154,306.9100036621094,839471031130.8704,316.05999755859375,864498416095.4198,0,0,0,0,0
S&P 500,USD,K,342714914,79.43000030517578,27221845723.60829,77.94000244140625,26711201233.866333,0,0,0,0,0
S&P 500,USD,KVUE,1916095362,18.989999771118164,36386650485.82057,16.420000076293945,31462285990.226475,0,0,0,0,0
S&P 500,USD,KDP,1209999056,27.229999542236328,32948273740.98639,25.5,30854975928.0,0,0,0,0,0
S&P 500,USD,KEY,1091526692,19.059999465942383,20804498166.581856,18.889999389648438,20618938545.664978,0,0,0,0,0
S&P 500,USD,KEYS,170749495,170.5399932861328,29119617730.91057,173.33999633789062,29597716837.996674,0,0,0,0,0
S&P 500,USD,KMB,330535763,127.98999786376953,42305271600.26943,122.2300033569336,40401387421.07661,0,0,0,0,0
S&P 500,USD,KIM,661360758,22.389999389648438,14807866967.957428,21.59000015258789,14278778866.135643,0,0,0,0,0
S&P 500,USD,KMI,1938273863,27.579999923706055,53457592993.66144,28.209999084472656,54678703900.68728,0,0,0,0,0
S&P 500,USD,KKR,683740780,143.33999633789062,98007400901.26648,134.00999450683594,91628098171.89972,0,0,0,0,0
S&P 500,USD,KLAC,131636745,964.02001953125,126900457485.93018,1064.2900390625,140099676478.11035,0,0,0,0,0
S&P 500,USD,KHC,851694323,26.1299991607666,22254771945.21968,26.049999237060547,22186636464.3588,0,0,0,0,0
S&P 500,USD,KR,740377880,68.29000091552734,50560406103.036194,65.45999908447266,48465135346.963806,0,0,0,0,0
S&P 500,USD,LHX,186288419,279.20001220703125,52011728858.82855,293.55999755859375,54686827826.83429,0,0,0,0,0
S&P 500,USD,LH,82662894,277.95001220703125,22976152396.36853,280.6099853515625,23196033474.457764,0,0,0,0,0
S&P 500,USD,LRCX,1260950859,116.95999908447266,147480811314.20502,128.3300018310547,161817826044.33997,0,0,0,0,0
S&P 500,USD,LW,138413244,56.41999816894531,7809274973.037781,55.220001220703125,7643179502.6414795,0,0,0,0,0
S&P 500,USD,LVS,321250373,53.5,17186894955.5,54.0099983215332,17350732106.521915,0,0,0,0,0
S&P 500,USD,LDOS,127002812,183.86000061035156,23350737091.836365,184.89999389648438,23482819163.636353,0,0,0,0,0
S&P 500,USD,LEN,221564398,137.27000427246094,30414145860.085236,126.04000091552734,27925976926.768265,0,0,0,0,0
S&P 500,USD,LII,31675077,544.47998046875,17246445306.306152,521.9400024414062,16532489766.711731,0,0,0,0,0
S&P 500,USD,LLY,895437448,755.3900146484375,676404506961.4795,724.5399780273438,648780228898.7808,0,0,0,0,0
S&P 500,USD,LIN,467235525,482.0400085449219,225226216463.49106,474.4100036621094,221661207126.3176,0,0,0,0,0
S&P 500,USD,LYV,155882070,173.72999572753906,27081391355.099945,161.7899932861328,25220159058.728485,0,0,0,0,0
S&P 500,USD,LKQ,255178242,32.29999923706055,8242257021.914452,30.299999237060547,7731900537.914452,0,0,0,0,0
S&P 500,USD,LMT,198536349,471.30999755859375,93572166162.48212,487.44000244140625,96774558441.26788,0,0,0,0,0
S&P 500,USD,L,170149798,97.6500015258789,16615128034.327988,100.30000305175781,17066025258.655975,0,0,0,0,0
S&P 500,USD,LOW,559647173,271.8299865722656,152128883521.79642,257.1199951171875,143896478389.1078,0,0,0,0,0
S&P 500,USD,LULU,109027355,159.8699951171875,17430202711.48987,176.3000030517578,19221523019.225082,0,0,0,0,0
S&P 500,USD,LYB,255514296,55.220001220703125,14109499737.0271,49.45000076293945,12635182132.141937,0,0,0,0,0
S&P 500,USD,MTB,155481694,198.8000030517578,30909761241.692474,200.13999938964844,31118106142.261505,0,0,0,0,0
S&P 500,USD,MPC,303147771,180.27999877929688,54651479785.82657,198.69000244140625,60232431360.09686,0,0,0,0,0
S&P 500,USD,MKTX,36620234,184.85000610351562,6769250478.41217,180.13999938964844,6596768930.408783,0,0,0,0,0
S&P 500,USD,MAR,237341018,266.5,63251381297.0,264.2099914550781,62707868337.71954,0,0,0,0,0
S&P 500,USD,MMC,490709622,202.92999267578125,99579699998.39539,199.55999755859375,97926010968.29846,0,0,0,0,0
S&P 500,USD,MLM,59842250,615.8599853515625,36854447208.40454,613.739990234375,36727581930.60303,0,0,0,0,0
S&P 500,USD,MAS,208557586,73.62999725341797,15356094484.359482,70.44000244140625,14690796867.013794,0,0,0,0,0
S&P 500,USD,MA,896002292,580.4099731445312,520048666237.15845,565.1300048828125,506357779652.9712,0,0,0,0,0
S&P 500,USD,MTCH,223593318,37.75,8440647754.5,36.2400016784668,8103022219.61396,0,0,0,0,0
S&P 500,USD,MKC,264779425,68.94999694824219,18256540545.70732,65.69999694824219,17396007414.45732,0,0,0,0,0
S&P 500,USD,MCD,712384170,305.3999938964844,217562121169.9521,305.239990234375,217448137093.92334,0,0,0,0,0
S&P 500,USD,MCK,124213986,711.4199829101562,88368311797.32239,760.5499877929688,94470945536.01599,0,0,0,0,0
S&P 500,USD,MDT,1280364221,94.02999877929688,120392646137.6854,94.22000122070312,120635918465.5646,0,0,0,0,0
S&P 500,USD,MRK,2493836714,82.80999755859375,206514612197.87146,78.55999755859375,195915806163.37146,0,0,0,0,0
S&P 500,USD,META,2164486216,755.5900268554688,1635464198075.732,743.75,1609836623150.0,0,0,0,0,0
S&P 500,USD,MET,554684931,80.81999969482422,44829635954.14359,81.62000274658203,45273385591.707664,0,0,0,0,0
S&P 500,USD,MTD,20243295,1259.5400390625,25497240575.05371,1204.4300537109375,24381632884.136353,0,0,0,0,0
S&P 500,USD,MGM,204363756,34.54999923706055,7060767613.882828,35.599998474121094,7275349401.7656555,0,0,0,0,0
S&P 500,USD,MCHP,527914650,64.69999694824219,34156076243.932343,64.41999816894531,34008260786.359406,0,0,0,0,0
S&P 500,USD,MU,1118346585,157.22999572753906,175837628781.4579,157.27000427246094,175882372201.0421,0,0,0,0,0
S&P 500,USD,MSFT,7422165293,509.8999938964844,3784562037599.398,511.4599914550781,3796140597335.9575,0,0,0,0,0
S&P 500,USD,MAA,115988230,142.1999969482422,16493525952.032013,139.57000732421875,16188478110.623169,0,0,0,0,0
S&P 500,USD,MRNA,363283769,23.510000228881836,8540801492.339056,24.489999771118164,8896819419.660944,0,0,0,0,0
S&P 500,USD,MHK,51569486,136.05999755859375,7016544139.257935,128.58999633789062,6631320015.886902,0,0,0,0,0
S&P 500,USD,MOH,53500278,180.8800048828125,9677130545.871826,191.97999572753906,10270983141.862152,0,0,0,0,0
S&P 500,USD,TAP,177597227,48.41999816894531,8599257406.149765,44.83000183105469,7961684011.600235,0,0,0,0,0
S&P 500,USD,MDLZ,1290283546,61.97999954223633,79971773590.43506,63.36000061035156,81752366262.08658,0,0,0,0,0
S&P 500,USD,MPWR,46277561,834.1400146484375,38601965410.43396,887.5499877929688,41073648700.63837,0,0,0,0,0
S&P 500,USD,MNST,694113507,64.69000244140625,44902204462.443054,65.33999633789062,45353374005.46042,0,0,0,0,0
S&P 500,USD,MCO,165781193,512.3099975585938,84931362581.09076,476.739990234375,79034524331.86304,0,0,0,0,0
S&P 500,USD,MS,1214715730,156.38999938964844,189969392273.29636,160.11000061035156,194488136271.70364,0,0,0,0,0
S&P 500,USD,MOS,315781913,33.650001525878906,10626061854.29496,35.31999969482422,11153417070.791008,0,0,0,0,0
S&P 500,USD,MSI,165867505,481.7099914550781,79900034416.22513,456.5199890136719,75721831560.32516,0,0,0,0,0
S&P 500,USD,MSCI,74700003,583.25,43568776749.75,565.4199829101562,42236874419.64862,0,0,0,0,0
S&P 500,USD,NDAQ,511572886,93.94999694824219,48062271078.50345,87.51000213623047,44767744346.697586,0,0,0,0,0
S&P 500,USD,NTAP,198480561,124.0,24611589564.0,119.87999725341797,23793849107.536858,0,0,0,0,0
S&P 500,USD,NFLX,421990105,1188.43994140625,501509895660.2173,1210.6099853515625,510865434832.5543,0,0,0,0,0
S&P 500,USD,NEM,1095901322,79.25,86850179768.5,85.25,93425587700.5,0,0,0,0,0
S&P 500,USD,NWSA,459186388,29.229999542236328,13422017911.041153,30.450000762939453,13982225864.931412,0,0,0,0,0
S&P 500,USD,NWS,459186388,32.27000045776367,14817944950.958847,33.630001068115234,15442438718.903976,0,0,0,0,0
S&P 500,USD,NEE,2054947481,71.63999938964844,147216436284.5996,75.8499984741211,155867763298.249,0,0,0,0,0
S&P 500,USD,NKE,1171725874,73.0,85535988802.0,69.30999755859375,81212317466.28113,0,0,0,0,0
S&P 500,USD,NI,469150514,41.0099983215332,19239861791.68644,42.56999969482422,19971737237.806625,0,0,0,0,0
S&P 500,USD,NDSN,50159760,223.1699981689453,11194153547.354736,227.0,11386265520.0,0,0,0,0,0
S&P 500,USD,NSC,224192618,274.7200012207031,61590196290.63263,297.489990234375,66695059739.438965,0,0,0,0,0
S&P 500,USD,NTRS,188294048,129.4199981689453,24369015347.3833,133.30999755859375,25101479079.177734,0,0,0,0,0
S&P 500,USD,NOC,142787797,575.9600219726562,82240062697.54718,594.52001953125,84890203861.26416,0,0,0,0,0
S&P 500,USD,NCLH,448366781,26.649999618530273,11948974542.611647,25.040000915527344,11227104606.732048,0,0,0,0,0
S&P 500,USD,NRG,192347590,164.83999633789062,31706576031.202087,168.57000732421875,32424034655.095825,0,0,0,0,0
S&P 500,USD,NUE,221242331,141.35000610351562,31272604837.206024,138.1300048828125,30560204261.31482,0,0,0,0,0
S&P 500,USD,NVDA,23326785000,177.82000732421875,4147969079550.476,178.19000244140625,4156599876100.1587,0,0,0,0,0
S&P 500,USD,NVR,2825319,8414.8203125,23774551710.492188,8032.77978515625,22695165349.81787,0,0,0,0,0
S&P 500,USD,NXPI,251696085,218.82000732421875,55076139163.177185,226.0399932861328,56893381363.54591,0,0,0,0,0
S&P 500,USD,ORLY,840435962,107.5,90346865915.0,106.0999984741211,89170254285.7965,0,0,0,0,0
S&P 500,USD,OXY,980748093,45.66999816894531,44790763611.50661,47.470001220703125,46556113171.91226,0,0,0,0,0
S&P 500,USD,ODFL,193123501,144.88999938964844,27981663942.01677,138.58999633789062,26764985296.350616,0,0,0,0,0
S&P 500,USD,OMC,191475703,77.19999694824219,14781923687.262527,77.05000305175781,14753203500.487473,0,0,0,0,0
S&P 500,USD,ON,406994558,48.2599983215332,19641556685.953148,50.15999984741211,20414846967.17756,0,0,0,0,0
S&P 500,USD,OKE,627791140,73.05000305175781,45860144692.866516,73.88999938964844,46387486951.4267,0,0,0,0,0
S&P 500,USD,ORCL,1674622060,292.17999267578125,489291061225.5017,283.4599914550781,474688354818.0853,0,0,0,0,0
S&P 500,USD,OTIS,391670655,89.05999755859375,34882187578.072815,90.37999725341797,35399192723.14442,0,0,0,0,0
S&P 500,USD,PCAR,514779859,102.51000213623047,52770084445.77842,100.5,51735375829.5,0,0,0,0,0
S&P 500,USD,PKG,87703491,215.14999389648438,18869405553.350372,215.9499969482422,18939568613.800186,0,0,0,0,0
S&P 500,USD,PLTR,2190027906,171.42999267578125,375436467885.33655,177.57000732421875,388883271308.66345,0,0,0,0,0
S&P 500,USD,PANW,662478560,196.2899932861328,130037912094.60693,202.3699951171875,134065782952.4414,0,0,1,1,0
S&P 500,USD,PSKY,654813950,18.790000915527344,12303954720.000076,18.920000076293945,12389079983.95834,0,0,0,0,0
S&P 500,USD,PH,126253968,758.780029296875,95798989537.88672,750.719970703125,94781375158.11328,0,0,0,0,0
S&P 500,USD,PAYX,321612203,135.11000061035156,43453024943.62651,128.2100067138672,41233902705.89162,0,0,0,0,0
S&P 500,USD,PAYC,49754457,222.6300048828125,11076835004.851685,217.50999450683594,10822091668.760605,0,0,0,0,0
S&P 500,USD,PYPL,952177887,66.88999938964844,63691178280.26674,67.30000305175781,64081574700.916306,0,0,0,0,0
S&P 500,USD,PNR,162687017,110.94999694824219,18050124039.668625,109.76000213623047,17856527333.456963,0,0,0,0,0
S&P 500,USD,PEP,1363634630,143.52999877929688,195722476779.30695,140.44000244140625,191508850766.3861,0,0,0,0,0
S&P 500,USD,PFE,5675885064,23.8700008392334,135483381241.07231,23.760000228881836,134859030419.747,0,0,0,0,0
S&P 500,USD,PCG,2191859284,15.449999809265137,33864225519.73602,14.970000267028809,32812134066.769573,0,0,0,0,0
S&P 500,USD,PM,1552495507,166.11000061035156,257885029615.33807,164.88999938964844,255990983201.66193,0,0,0,0,0
S&P 500,USD,PSX,402673459,130.77999877929688,52661634476.47525,139.4600067138672,56156843295.63612,0,0,0,0,0
S&P 500,USD,PNW,118656938,88.19000244140625,10464355651.90979,86.76000213623047,10294676194.358566,0,0,0,0,0
S&P 500,USD,PNC,390664799,201.97999572753906,78906474432.9199,203.32000732421875,79429969793.99445,0,0,0,0,0
S&P 500,USD,POOL,32653257,325.9800109863281,10644309075.599396,305.8599853515625,9987324707.700806,0,0,0,0,0
S&P 500,USD,PPG,224950676,110.72000122070312,24906539121.317993,103.6500015258789,23316137910.64749,0,0,0,0,0
S&P 500,USD,PPL,737784777,36.15999984741211,26678297423.742977,36.720001220703125,27091457912.056183,0,0,0,0,0
S&P 500,USD,PFG,221168964,82.69999694824219,18290672647.845886,82.62000274658203,18272980413.138702,0,0,0,0,0
S&P 500,USD,PG,2338155219,157.89999389648438,369194694809.13306,152.5,356568670897.5,0,0,0,0,0
S&P 500,USD,PGR,583957446,248.27999877929688,144984953980.04132,243.47999572753906,142181956457.14462,0,0,0,0,0
S&P 500,USD,PLD,924796218,115.3499984741211,106675242335.17296,114.19000244140625,105602482391.22327,0,0,0,0,0
S&P 500,USD,PRU,350722240,106.9000015258789,37492207991.15967,104.41000366210938,36618910362.7832,0,0,0,0,0
S&P 500,USD,PEG,497827064,82.69000244140625,41165321137.558105,82.30000305175781,40971168886.44763,0,0,0,0,0
S&P 500,USD,PTC,119314731,205.11000061035156,24472644548.233932,202.9600067138672,24216118604.823257,0,0,0,0,0
S&P 500,USD,PSA,157389977,292.32000732421875,46008239229.39862,286.2900085449219,45059177860.21506,0,0,0,0,0
S&P 500,USD,PHM,195474544,137.10000610351562,26799561175.481934,131.14999389648438,25636485252.518066,0,0,0,0,0
S&P 500,USD,PWR,147240223,382.5299987792969,56323802324.4534,405.44000244140625,59697076372.5932,0,0,0,0,0
S&P 500,USD,QCOM,1076712520,161.8300018310547,174244389083.1195,169.1999969482422,182179755098.13416,0,0,0,0,0
S&P 500,USD,DGX,111237486,182.91000366210938,20346448971.62384,188.99000549316406,21022773090.18576,0,0,0,0,0
S&P 500,USD,RL,38049129,315.1400146484375,11990803070.420288,311.9700012207031,11870186820.57669,0,0,0,0,0
S&P 500,USD,RJF,177200515,170.27000427246094,30171932446.13228,175.69000244140625,31132358912.968445,0,0,0,0,0
S&P 500,USD,RTX,1223373688,155.85000610351562,190662796741.68042,163.35000610351562,199838099401.68042,0,0,0,0,0
S&P 500,USD,O,912248898,60.40999984741211,55108955788.981865,60.31999969482422,55026853248.96373,0,0,0,0,0
S&P 500,USD,REG,162414913,71.33999633789062,11586679298.638824,71.5199966430664,11615914032.543922,0,0,0,0,0
S&P 500,USD,REGN,97886130,560.0,54816232800.0,563.9000244140625,55197991096.798096,0,0,0,0,0
S&P 500,USD,RF,888069889,27.15999984741211,24119978049.73129,26.6299991607666,23649300398.772087,0,0,0,0,0
S&P 500,USD,RSG,311572655,228.47999572753906,71188118883.218,228.2100067138672,71103997689.40742,0,0,0,0,0
S&P 500,USD,RMD,145479248,270.1400146484375,39299766185.76367,270.2699890136719,39318674758.677246,0,0,0,0,0
S&P 500,USD,RVTY,108560363,82.87000274658203,8996397579.979942,84.05999755859375,9125583848.740051,0,0,0,0,0
S&P 500,USD,ROK,112079104,344.92999267578125,38659444521.828125,343.5799865722656,38508137047.35156,0,0,0,0,0
S&P 500,USD,ROL,294724125,57.369998931884766,16908322736.450672,58.43000030517578,17220730713.692665,0,0,0,0,0
S&P 500,USD,ROP,107049928,512.530029296875,54866302734.06836,499.30999755859375,53451099288.32764,0,0,0,0,0
S&P 500,USD,ROST,317645242,147.89999389648438,46979729353.0473,151.52000427246094,48129608424.96689,0,0,0,0,0
S&P 500,USD,RCL,257234110,336.4200134277344,86538702740.2713,326.8900146484375,84087261985.97778,0,0,0,0,0
S&P 500,USD,SPGI,304625287,544.22998046875,165786213994.29736,487.17999267578125,148407345089.51776,0,0,0,0,0
S&P 500,USD,CRM,926648240,242.75999450683594,224953121652.1692,243.42999267578125,225573974276.2256,0,0,0,0,0
S&P 500,USD,SBAC,106548973,199.97000122070312,21306598260.874664,194.22000122070312,20693941666.124664,0,0,0,0,0
S&P 500,USD,SLB,1347073464,35.56999969482422,47915402703.3858,35.52000045776367,47848050057.921295,0,0,0,0,0
S&P 500,USD,STX,211881765,195.99000549316406,41526708286.2513,217.50999450683594,46086401541.2487,0,0,0,0,0
S&P 500,USD,SRE,651252303,83.94000244140625,54666119903.79144,88.58999633789062,57694439137.812836,0,0,0,0,0
S&P 500,USD,NOW,206946248,928.9600219726562,192244791089.23877,936.0,193701688128.0,0,0,0,0,0
S&P 500,USD,SHW,229916556,360.1000061035156,82792953218.89929,341.9100036621094,78610770503.93958,0,0,0,0,0
S&P 500,USD,SPG,322787070,182.47000122070312,58898957056.927185,185.38999938964844,59841494710.28641,0,0,0,0,0
S&P 500,USD,SWKS,147606764,74.45999908447266,10990799512.301971,79.51000213623047,11736214120.962067,0,0,0,0,0
S&P 500,USD,SJM,104407432,107.80000305175781,11255121488.226196,109.20999908447266,11402335553.132141,0,0,0,0,0
S&P 500,USD,SW,517916100,44.27000045776367,22928145984.083176,42.130001068115234,21819805846.194077,0,0,0,0,0
S&P 500,USD,SNA,50816513,333.5899963378906,16951880385.574371,341.9100036621094,17374674145.92563,0,0,0,0,0
S&P 500,USD,SOLV,147464588,73.38999938964844,10822426023.314758,71.37000274658203,10524548050.583588,0,0,0,0,0
S&P 500,USD,SO,1096670261,92.2699966430664,101189761301.02075,94.52999877929688,103668238433.62119,0,0,0,0,0
S&P 500,USD,LUV,467831959,31.65999984741211,14811559750.554508,32.529998779296875,15218573055.186066,0,0,0,0,0
S&P 500,USD,SWK,154329418,77.56999969482422,11971332907.1624,73.8499984741211,11397227283.811996,0,0,0,0,0
S&P 500,USD,SBUX,1134506169,81.9000015258789,92916056972.21902,83.38999938964844,94606468740.46239,0,0,0,0,0
S&P 500,USD,STT,267970109,112.44000244140625,30130559710.1839,115.70999908447266,31006821067.056038,0,0,0,0,0
S&P 500,USD,STLD,137534720,130.64999389648438,17968910328.554688,139.6300048828125,19203973625.15625,0,0,0,0,0
S&P 500,USD,STE,98091719,249.8800048828125,24511159222.68347,249.0800018310547,24432685548.1313,0,0,0,0,0
S&P 500,USD,SYK,344604152,383.3399963378906,132100554365.7019,369.0199890136719,127165820385.10571,0,0,0,0,0
S&P 500,USD,SMCI,494476991,45.0,22251464595.0,45.81999969482422,22656935576.717598,0,0,0,0,0
S&P 500,USD,SYF,369828923,75.37000274658203,27874006942.275475,74.54000091552734,27567048259.00849,0,0,0,0,0
S&P 500,USD,SNPS,184680618,425.45001220703125,78572371182.50208,487.760009765625,90079820039.20166,0,0,0,0,0
S&P 500,USD,SYY,476734681,81.29000091552734,38753762654.953636,81.94000244140625,39063640925.04303,0,0,0,0,0
S&P 500,USD,TMUS,492325812,241.72000122070312,119004995877.62366,237.47000122070312,116912611176.62366,0,0,0,0,0
S&P 500,USD,TROW,214666185,105.62999725341797,22675188531.951714,103.47000122070312,22211510423.993683,0,0,0,0,0
S&P 500,USD,TTWO,172158670,246.25999450683594,42395793128.50418,256.1199951171875,44093277719.781494,0,0,0,0,0
S&P 500,USD,TPR,207116310,106.47000122070312,22051673778.527527,109.05000305175781,22586034237.568817,0,0,0,0,0
S&P 500,USD,TRGP,211568021,166.3800048828125,35200688367.02698,174.19000244140625,36853034094.51349,0,0,0,0,0
S&P 500,USD,TGT,452976879,89.95999908447266,40749799620.12728,87.8499984741211,39794018128.962135,0,0,0,0,0
S&P 500,USD,TEL,294943715,209.82000732421875,61885092441.53229,217.0399932861328,64014581923.38707,0,0,0,0,0
S&P 500,USD,TDY,46364285,556.2899780273438,25791987083.903503,577.1099853515625,26757291837.18567,0,0,0,0,0
S&P 500,USD,TER,158416558,112.23999786376953,17780674131.505722,135.30999755859375,21435344076.220825,0,0,0,0,0
S&P 500,USD,TSLA,2724568931,395.94000244140625,1078765829191.9197,440.3999938964844,1199900140582.951,0,0,0,0,0
S&P 500,USD,TXN,906709773,182.60000610351562,165565210083.91727,184.5500030517578,167333291374.20862,0,0,0,0,0
S&P 500,USD,TPL,19344295,937.1699829101562,18128892614.55902,954.280029296875,18459874399.327393,0,0,0,0,0
S&P 500,USD,TXT,177075473,81.2300033569336,14383841266.220604,83.48999786376953,14784030862.49598,0,0,0,0,0
S&P 500,USD,TMO,376739837,479.4599914550781,180631679028.80753,464.239990234375,174897698249.78003,0,0,0,0,0
S&P 500,USD,TJX,1110690614,139.47999572753906,154919122095.33774,143.08999633789062,158928715889.7895,0,0,0,0,0
S&P 500,USD,TKO,68852066,202.44000244140625,13938412409.135864,199.0399932861328,13704314754.376373,0,0,0,0,0
S&P 500,USD,TTD,443050691,45.150001525878906,20003739374.691704,47.13999938964844,20885409303.32332,0,0,0,0,0
S&P 500,USD,TSCO,528107437,60.61000061035156,32008592078.9012,56.52000045776367,29848632580.9884,0,0,0,0,0
S&P 500,USD,TT,221912342,400.7699890136719,88935806865.3382,415.2300109863281,92144664206.6618,0,0,0,0,0
S&P 500,USD,TDG,56087129,1271.449951171875,71311977428.42065,1295.719970703125,72673213144.7024,0,0,0,0,0
S&P 500,USD,TRV,223963145,278.92999267578125,62470038394.494934,277.760009765625,62208005342.34009,0,0,0,0,0
S&P 500,USD,TRMB,236772108,80.87999725341797,19150127444.725983,81.23999786376953,19235365548.12021,0,0,0,0,0
S&P 500,USD,TFC,1285992375,45.20000076293945,58126856331.13432,46.02000045776367,59181369686.18059,0,0,0,0,0
S&P 500,USD,TYL,43039012,544.989990234375,23455830729.57715,529.719970703125,22798624175.731445,0,0,0,0,0
S&P 500,USD,TSN,278659930,55.130001068115234,15362522238.540916,54.189998626708984,15100581224.018822,0,0,0,0,0
S&P 500,USD,USB,1551583132,49.130001068115234,76229280932.42958,49.439998626708984,76710267915.30482,0,0,0,0,0
S&P 500,USD,UBER,2074491082,95.88999938964844,198922948586.81113,98.44999694824219,204233640692.05563,0,0,0,0,0
S&P 500,USD,UDR,299385444,38.369998931884766,11487419166.501846,37.18000030517578,11131150899.285187,0,0,0,0,0
S&P 500,USD,ULTA,44668875,514.6199951171875,22987496234.39026,552.0,24657219000.0,0,0,0,0,0
S&P 500,USD,UNP,591240813,214.91000366210938,127063565287.01852,235.1999969482422,139059837413.27625,0,0,0,0,0
S&P 500,USD,UAL,320967422,106.58000183105469,34208708424.468903,97.91000366210938,31425921463.437805,0,0,0,0,0
S&P 500,USD,UPS,735156480,84.3499984741211,62010447966.240234,83.72000122070312,61547301403.00781,0,0,0,0,0
S&P 500,USD,URI,63972547,938.0,60006249086.0,947.27001953125,60599275846.15381,0,0,0,0,0
S&P 500,USD,UNH,897821435,352.510009765625,316491042819.63745,344.0799865722656,308922387299.0923,0,0,0,0,0
S&P 500,USD,UHS,53793785,191.72000122070312,10313344525.866241,200.85000610351562,10804482045.581207,0,0,0,0,0
S&P 500,USD,VLO,309154403,156.72000122070312,48450678415.545746,175.6300048828125,54296789308.43298,0,0,0,0,0
S&P 500,USD,VTR,452101913,69.7300033569336,31525067911.1661,69.0,31195031997.0,0,0,0,0,0
S&P 500,USD,VLTO,247540448,109.02999877929688,26989334743.2666,104.62999725341797,25900156394.349854,0,0,0,0,0
S&P 500,USD,VRSN,92525776,285.5199890136719,26417958547.001465,284.4200134277344,26316182452.331543,0,0,0,0,0
S&P 500,USD,VRSK,139256706,262.20001220703125,36513110013.11096,247.07000732421875,34406155371.36658,0,0,0,0,0
S&P 500,USD,VZ,4210464117,43.970001220703125,185134112364.2167,43.61000061035156,183618342712.23334,0,0,0,0,0
S&P 500,USD,VRTX,255580457,394.5299987792969,100834157388.22214,385.739990234375,98587602987.2771,0,0,0,0,0
S&P 500,USD,VTRS,1158270641,9.960000038146973,11536375628.544518,9.520000457763672,11026737032.534222,0,0,0,0,0
S&P 500,USD,VICI,1061880361,33.15999984741211,35211952608.72992,32.470001220703125,34479256617.910675,0,0,0,0,0
S&P 500,USD,V,1760228935,339.42999267578125,597474494514.7483,337.3699951171875,593848427206.0822,0,0,0,0,0
S&P 500,USD,VST,316414136,209.6999969482422,66352043353.58069,207.22000122070312,65567337648.167725,0,0,0,0,0
S&P 500,USD,VMC,131813666,294.94000244140625,38877122971.85071,299.2900085449219,39450513223.47748,0,0,0,0,0
S&P 500,USD,WRB,297983781,73.81999969482422,21997162622.482567,75.87999725341797,22611008483.8431,0,0,0,0,0
S&P 500,USD,GWW,43814814,1004.0599975585938,43992702037.87024,959.72998046875,42050390584.461914,0,0,0,0,0
S&P 500,USD,WAB,168886353,188.82000732421875,31889122410.420593,196.6699981689453,33214878735.26985,0,0,0,0,0
S&P 500,USD,WBA,716441882,,,,,1,1,1,0,0
S&P 500,USD,WMT,4359714451,103.48999786376953,451186839220.63513,103.16000366210938,449748158730.91113,0,0,0,0,0
S&P 500,USD,DIS,1795488643,115.95999908447266,208204861398.46106,113.47000122070312,203734098512.9686,0,0,0,0,0
S&P 500,USD,WBD,2341486393,18.8700008392334,44183850200.963585,19.510000228881836,45682400063.35371,0,0,0,0,0
S&P 500,USD,WM,401605711,218.16000366210938,87614303382.48404,218.69000244140625,87827153919.0727,0,0,0,0,0
S&P 500,USD,WAT,59402701,295.3900146484375,17546964718.546753,291.7099914550781,17328361401.11856,0,0,0,0,0
S&P 500,USD,WEC,320955513,110.5199966430664,35472002219.33366,112.8499984741211,36219829152.31075,0,0,0,0,0
S&P 500,USD,WFC,3195720916,81.45999908447266,260323422891.59012,85.01000213623047,271668241895.9564,0,0,0,0,0
S&P 500,USD,WELL,667916339,169.1300048828125,112964693676.38025,174.89999389648438,116818563614.46219,0,0,0,0,0
S&P 500,USD,WST,71412603,253.5,18103094860.5,261.5199890136719,18675823151.99771,0,0,0,0,0
S&P 500,USD,WDC,344028795,97.66000366210938,33597853379.571075,106.87999725341797,36769796664.69669,0,0,0,0,0
S&P 500,USD,WY,718220910,24.899999618530273,17883700385.020466,24.540000915527344,17625141788.950882,0,0,0,0,0
S&P 500,USD,WSM,120359297,196.9499969482422,23704763176.842575,201.35000610351562,24234345185.56485,0,0,0,0,0
S&P 500,USD,WMB,1214167869,58.810001373291016,71405214043.29582,64.01000213623047,77718887888.4324,0,0,0,0,0
S&P 500,USD,WTW,97170480,338.7900085449219,32920387749.51416,341.8900146484375,33221616830.595703,0,0,0,0,0
S&P 500,USD,WDAY,215073840,223.38999938964844,48045344986.329346,246.6699981689453,53052263718.98804,0,0,0,0,0
S&P 500,USD,WYNN,79426610,121.44999694824219,9646361542.109222,128.97000122070312,10243649988.656311,0,0,0,0,0
S&P 500,USD,XEL,589746527,73.3499984741211,43257906855.568214,79.27999877929688,46755103940.65457,0,0,0,0,0
S&P 500,USD,XYL,241754502,141.5500030517578,34220350495.87619,143.02999877929688,34578146125.949524,0,0,0,0,0
S&P 500,USD,YUM,276778024,149.49000549316406,41375548328.147095,152.6999969482422,42264003420.1405,0,0,0,0,0
S&P 500,USD,ZBRA,50403815,312.6499938964844,15758752452.109528,299.7699890136719,15109551068.79715,0,0,0,0,0
S&P 500,USD,ZBH,197654230,103.08000183105469,20374198390.315704,98.23999786376953,19417551132.96501,0,0,0,0,0
S&P 500,USD,ZTS,442314832,148.1999969482422,65551056752.562256,143.5,63472178392.0,0,0,0,0,0
